{"Train/Samples": 420, "_timestamp": 1682327101.8336186, "Train/lossDM": 0.03783464431762695, "TrainSupple/lossDM_q2": 0.03477988764643669, "Train/lossG": -0.30888932943344116, "TrainSupple/lossG_q2": -0.2767302691936493, "Train/Generation": 0.03474574536085129, "TrainSupple/Generation_q2": 0.032012585550546646, "Train/lossD": 2.0001769065856934, "TrainSupple/lossD_q2": 2.000342845916748, "Train/grad_penalty": 0.0006862859008833766, "TrainSupple/grad_penalty_q2": 0.0007201594999060035, "Train/Discrimination": 2.0005199909210205, "TrainSupple/Discrimination_q2": 2.0007028579711914, "Eval/real_score": 0.5764508247375488, "EvalSupple/real_score_q2": 0.5671979784965515, "Eval/fake_score": 0.5764940977096558, "EvalSupple/fake_score_q2": 0.5672821998596191, "Eval/real_acc": 1.0, "EvalSupple/real_acc_q2": 1.0, "Eval/fake_acc": 0.0, "EvalSupple/fake_acc_q2": 0.0, "_runtime": 58.74490571022034, "_step": 105, "TrainSupple/lossDM_q1": 0.04471662640571594, "TrainSupple/lossDM_q3": 0.0357382670044899, "TrainSupple/lossG_q1": -0.37643200159072876, "TrainSupple/lossG_q3": -0.25882431864738464, "TrainSupple/Generation_q1": 0.04095230624079704, "TrainSupple/Generation_q3": 0.033150024712085724, "TrainSupple/lossD_q1": 2.0000734329223633, "TrainSupple/lossD_q3": 2.000239849090576, "TrainSupple/grad_penalty_q1": 0.0006077571306377649, "TrainSupple/grad_penalty_q3": 0.0006653101299889386, "TrainSupple/Discrimination_q1": 2.0003774166107178, "TrainSupple/Discrimination_q3": 2.000572443008423, "EvalSupple/real_score_q1": 0.5892231464385986, "EvalSupple/real_score_q3": 0.5688269138336182, "EvalSupple/fake_score_q1": 0.5892409682273865, "EvalSupple/fake_score_q3": 0.5688857436180115, "EvalSupple/real_acc_q1": 1.0, "EvalSupple/real_acc_q3": 1.0, "EvalSupple/fake_acc_q1": 0.0, "EvalSupple/fake_acc_q3": 0.0, "TrainSupple/lossDM_q0": 0.3543647527694702, "TrainSupple/lossG_q0": -0.829612135887146, "TrainSupple/Generation_q0": 0.3460686206817627, "TrainSupple/lossD_q0": 1.999908685684204, "TrainSupple/grad_penalty_q0": 0.0006375183584168553, "TrainSupple/Discrimination_q0": 2.000227451324463, "EvalSupple/real_score_q0": 0.6960105895996094, "EvalSupple/fake_score_q0": 0.6959913372993469, "EvalSupple/real_acc_q0": 1.0, "EvalSupple/fake_acc_q0": 0.0}